{
  "metrics": {
    "rmse": 116.30355072021484,
    "abs_rel": 0.8129368424415588,
    "valid_pixels": 163321
  },
  "times": {
    "disparity/ncc": 0.0096,
    "depth/depth_from_disp": 0.001,
    "postproc/median": 0.0391,
    "pointcloud/from_depth": 0.01,
    "mesh/poisson": 1.4997,
    "finalize/clean": 0.0237
  }
}