scene,config,rmse,abs_rel,valid_pixels,time::disparity/ncc,time::depth/depth_from_disp,time::postproc/bilateral,time::pointcloud/from_depth,time::mesh/poisson,time::finalize/clean,time::postproc/median,time::disparity/sgm
cones,ncc_bilateral,116.30355072021484,0.8129368424415588,163321,0.0065,0.0,0.0031,0.0099,1.5003,0.0231,,
cones,ncc_median,116.30355072021484,0.8129368424415588,163321,0.0096,0.001,,0.01,1.4997,0.0237,0.0391,
cones,sgm_bilateral,113.40406036376953,0.7925326824188232,163321,,0.0,0.002,0.01,0.7802,0.0237,,0.0412
cones,sgm_median,113.42082977294922,0.7925959229469299,163321,,0.0,,0.0108,1.8062,0.02,0.0239,0.0363
