scene,config,rmse,abs_rel,valid_pixels,time::disparity/ncc,time::depth/depth_from_disp,time::postproc/bilateral,time::pointcloud/from_depth,time::mesh/poisson,time::finalize/clean,time::postproc/median,time::disparity/sgm
cones,ncc_bilateral,116.30355369275051,0.8129368424415588,163321,0.0,0.0,0.0156,0.0,1.4032,0.0251,,
cones,ncc_median,116.30355369275051,0.8129368424415588,163321,0.0156,0.0,,0.0,1.4155,0.0312,0.0473,
cones,sgm_bilateral,113.4040627372428,0.7925326824188232,163321,,0.0,0.0,0.0156,0.6441,0.0156,,0.0313
cones,sgm_median,113.42083210878855,0.7925959229469299,163321,,0.0,,0.0156,0.6583,0.0313,0.0156,0.0322
